[
	{
		"id_art": 1,
		"descr": "COPPIGLIA A MOLLA SICUR DOP.",
		"descr_pos": "COPPIGLIA SICUR DOP.",
		"id_tipo": "",
		"id_fam": "AG0006",
		"id_sta": "",
		"id_iva": "22",
		"prezzo_a_l": 0.94,
		"sc1": 50,
		"sc2": 0,
		"sc3": 0,
		"sc4": 0,
		"prezzo_a": 0.47,
		"ric_1": 70,
		"prezzo_1": 0.97,
		"ric_2": 50,
		"prezzo_2": 0.86,
		"ric_3": 40,
		"prezzo_3": 0.8,
		"ric_4": 0,
		"prezzo_4": 0,
		"um": "PZ",
		"pz_x_conf": "0",
		"peso_vol": 0,
		"id_etichet": 1,
		"id_cod_bar": "8031591423307",
		"id_cod_for": "12",
		"id_cli_for": "F000007",
		"prz_bloc": 0,
		"t_o": 0,
		"data_reg": "0009-01-02 22:27:00",
		"non_attivo": 0,
		"id_cat": "10818",
		"loc_art": "",
		"marg_fisso": 0,
		"stato_art": "V",
		"kit": 0,
		"note2": "",
		"provv_art": 0,
		"descr2": "",
		"nome_foto": "",
		"desc_ecom": "",
		"prz_ecom": 0,
		"nome_foto2": "",
		"nome_foto3": "",
		"nome_foto4": "",
		"nome_foto5": "",
		"file_tecn": "",
		"file_sicu": "",
		"qr_code": "",
		"note3": "",
		"uid": 0,
		"aggiorna": 1,
		"titolo": "",
		"collegato": 0,
		"min_acq": 0,
		"peso": 0,
		"lunghezza": 0,
		"larghezza": 0,
		"altezza": 0,
		"spe_gratis": 0,
		"tag": "",
		"glassa": 0,
		"prezzo_5": 0,
		"ric_5": 0,
		"prezzo_6": 0,
		"ric_6": 0
	},
	{
		"id_art": 2,
		"descr": "TUBO SPIRABEL BALNEO D.40",
		"descr_pos": "TUBO SPIRABEL BALNEO",
		"id_tipo": "",
		"id_fam": "TD0003",
		"id_sta": "20",
		"id_iva": "22",
		"prezzo_a_l": 0,
		"sc1": 0,
		"sc2": 0,
		"sc3": 0,
		"sc4": 0,
		"prezzo_a": 0,
		"ric_1": 0,
		"prezzo_1": 4.53,
		"ric_2": 0,
		"prezzo_2": 0,
		"ric_3": 0,
		"prezzo_3": 0,
		"ric_4": 0,
		"prezzo_4": 0,
		"um": "MT",
		"pz_x_conf": "0",
		"peso_vol": 0,
		"id_etichet": 1,
		"id_cod_bar": "2000000000022",
		"id_cod_for": "TGO13082",
		"id_cli_for": "F001083",
		"prz_bloc": 0,
		"t_o": 0,
		"data_reg": "0009-01-02 22:27:00",
		"non_attivo": 0,
		"id_cat": "102",
		"loc_art": "",
		"marg_fisso": 0,
		"stato_art": "V",
		"kit": 0,
		"note2": "",
		"provv_art": 0,
		"descr2": "",
		"nome_foto": "",
		"desc_ecom": "",
		"prz_ecom": 0,
		"nome_foto2": "",
		"nome_foto3": "",
		"nome_foto4": "",
		"nome_foto5": "",
		"file_tecn": "",
		"file_sicu": "",
		"qr_code": "",
		"note3": "",
		"uid": 0,
		"aggiorna": 1,
		"titolo": "",
		"collegato": 0,
		"min_acq": 0,
		"peso": 0,
		"lunghezza": 0,
		"larghezza": 0,
		"altezza": 0,
		"spe_gratis": 0,
		"tag": "",
		"glassa": 0,
		"prezzo_5": 0,
		"ric_5": 0,
		"prezzo_6": 0,
		"ric_6": 0
	},
	{
		"id_art": 6,
		"descr": "TUBO SPIRELATO SPIRABEL D.30",
		"descr_pos": "TUBO SPIRABEL D.30",
		"id_tipo": "      0",
		"id_fam": "TD0003",
		"id_sta": "",
		"id_iva": "22",
		"prezzo_a_l": 2.89,
		"sc1": 50,
		"sc2": 20,
		"sc3": 9,
		"sc4": 0,
		"prezzo_a": 1.052,
		"ric_1": 60,
		"prezzo_1": 2.05,
		"ric_2": 50,
		"prezzo_2": 1.93,
		"ric_3": 40,
		"prezzo_3": 1.8,
		"ric_4": 0,
		"prezzo_4": 0,
		"um": "MT",
		"pz_x_conf": "",
		"peso_vol": 1,
		"id_etichet": 2,
		"id_cod_bar": "2000000000060",
		"id_cod_for": "167172",
		"id_cli_for": "F001083",
		"prz_bloc": 0,
		"t_o": 0,
		"data_reg": "0009-01-02 22:27:00",
		"non_attivo": 0,
		"id_cat": "102",
		"loc_art": "",
		"marg_fisso": 0,
		"stato_art": "V",
		"kit": 0,
		"note2": "",
		"provv_art": 0,
		"descr2": "",
		"nome_foto": "",
		"desc_ecom": "",
		"prz_ecom": 0,
		"nome_foto2": "",
		"nome_foto3": "",
		"nome_foto4": "",
		"nome_foto5": "",
		"file_tecn": "",
		"file_sicu": "",
		"qr_code": "",
		"note3": "",
		"uid": 0,
		"aggiorna": 1,
		"titolo": "",
		"collegato": 0,
		"min_acq": 0,
		"peso": 0,
		"lunghezza": 0,
		"larghezza": 0,
		"altezza": 0,
		"spe_gratis": 0,
		"tag": "",
		"glassa": 0,
		"prezzo_5": 0,
		"ric_5": 0,
		"prezzo_6": 0,
		"ric_6": 0
	},
	{
		"id_art": 7,
		"descr": "BORCHIA COPRIVITI CONICA MM14 OTT.NICH.",
		"descr_pos": "BORCHIA COPRIVITI CO",
		"id_tipo": "      0",
		"id_fam": "FB0012",
		"id_sta": "",
		"id_iva": "22",
		"prezzo_a_l": 0.086,
		"sc1": 45,
		"sc2": 0,
		"sc3": 0,
		"sc4": 0,
		"prezzo_a": 0.047,
		"ric_1": 100,
		"prezzo_1": 0.11,
		"ric_2": 60,
		"prezzo_2": 0.09,
		"ric_3": 40,
		"prezzo_3": 0.08,
		"ric_4": 0,
		"prezzo_4": 0,
		"um": "PZ",
		"pz_x_conf": "",
		"peso_vol": 0,
		"id_etichet": 1,
		"id_cod_bar": "8021394648526",
		"id_cod_for": "648514",
		"id_cli_for": "F002543",
		"prz_bloc": 0,
		"t_o": 0,
		"data_reg": "0009-01-02 22:27:00",
		"non_attivo": 0,
		"id_cat": "104",
		"loc_art": "",
		"marg_fisso": 0,
		"stato_art": "V",
		"kit": 0,
		"note2": "",
		"provv_art": 0,
		"descr2": "",
		"nome_foto": "",
		"desc_ecom": "",
		"prz_ecom": 0,
		"nome_foto2": "",
		"nome_foto3": "",
		"nome_foto4": "",
		"nome_foto5": "",
		"file_tecn": "",
		"file_sicu": "",
		"qr_code": "",
		"note3": "",
		"uid": 0,
		"aggiorna": 1,
		"titolo": "",
		"collegato": 0,
		"min_acq": 0,
		"peso": 0,
		"lunghezza": 0,
		"larghezza": 0,
		"altezza": 0,
		"spe_gratis": 0,
		"tag": "",
		"glassa": 0,
		"prezzo_5": 0,
		"ric_5": 0,
		"prezzo_6": 0,
		"ric_6": 0
	},
	{
		"id_art": 8,
		"descr": "BORCHIA COPRIVTI PIANA MM18 OTT.NICH.",
		"descr_pos": "BORCHIA COPRIVTI PIA",
		"id_tipo": "      0",
		"id_fam": "FB0012",
		"id_sta": "",
		"id_iva": "22",
		"prezzo_a_l": 0.11,
		"sc1": 45,
		"sc2": 0,
		"sc3": 0,
		"sc4": 0,
		"prezzo_a": 0.061,
		"ric_1": 100,
		"prezzo_1": 0.15,
		"ric_2": 60,
		"prezzo_2": 0.12,
		"ric_3": 40,
		"prezzo_3": 0.1,
		"ric_4": 0,
		"prezzo_4": 0,
		"um": "PZ",
		"pz_x_conf": "",
		"peso_vol": 0,
		"id_etichet": 1,
		"id_cod_bar": "8021394647543",
		"id_cod_for": "647518",
		"id_cli_for": "F002543",
		"prz_bloc": 0,
		"t_o": 0,
		"data_reg": "0009-01-02 22:27:00",
		"non_attivo": 0,
		"id_cat": "104",
		"loc_art": "",
		"marg_fisso": 0,
		"stato_art": "V",
		"kit": 0,
		"note2": "",
		"provv_art": 0,
		"descr2": "",
		"nome_foto": "",
		"desc_ecom": "",
		"prz_ecom": 0,
		"nome_foto2": "",
		"nome_foto3": "",
		"nome_foto4": "",
		"nome_foto5": "",
		"file_tecn": "",
		"file_sicu": "",
		"qr_code": "",
		"note3": "",
		"uid": 0,
		"aggiorna": 0,
		"titolo": "",
		"collegato": 0,
		"min_acq": 0,
		"peso": 0,
		"lunghezza": 0,
		"larghezza": 0,
		"altezza": 0,
		"spe_gratis": 0,
		"tag": "",
		"glassa": 0,
		"prezzo_5": 0,
		"ric_5": 0,
		"prezzo_6": 0,
		"ric_6": 0
	}
]