[{"id_cat":"18027","descr":"SALDATURA E ACCESSORI"},{"id_cat":"01","descr":"01"},{"id_cat":"02","descr":"02"},{"id_cat":"04","descr":"04"},{"id_cat":"05","descr":"05"},{"id_cat":"08","descr":"08"},{"id_cat":"000000","descr":"1deposito sede"},{"id_cat":"010210","descr":""},{"id_cat":"010230","descr":""},{"id_cat":"010280","descr":""},{"id_cat":"010330","descr":""},{"id_cat":"010360","descr":""},{"id_cat":"020090","descr":""},{"id_cat":"020190","descr":""},{"id_cat":"040010","descr":""},{"id_cat":"040220","descr":""},{"id_cat":"050010","descr":""},{"id_cat":"050050","descr":""},{"id_cat":"050130","descr":""},{"id_cat":"080001","descr":""},{"id_cat":"080002","descr":""},{"id_cat":"080003","descr":""},{"id_cat":"080004","descr":""},{"id_cat":"080005","descr":""},{"id_cat":"080006","descr":""},{"id_cat":"080010","descr":""},{"id_cat":"080020","descr":""},{"id_cat":"080030","descr":""},{"id_cat":"080040","descr":""},{"id_cat":"080050","descr":""},{"id_cat":"080060","descr":""},{"id_cat":"10010","descr":"UTENSILI OSCILLANTI ELETTRICI"},{"id_cat":"20030","descr":""},{"id_cat":"06","descr":"06"},{"id_cat":"12","descr":"12"},{"id_cat":"03","descr":"03"},{"id_cat":"100","descr":"UTENSILI ELETTRICI, ACCESSORI"},{"id_cat":"101","descr":"UTENSILI MANUALI"},{"id_cat":"102","descr":"GIARDINAGGIO"},{"id_cat":"103","descr":"ABRASIVI E ACCESSORI"},{"id_cat":"104","descr":"VITERIA, BULLONERIA E RIVETTI"},{"id_cat":"105","descr":"UTENSILI PNEUMATICI, ACCESSORI"},{"id_cat":"106","descr":"COLORI E VERNICI"},{"id_cat":"107","descr":"SERRATURE, MANIGLIE, LUCCHETTI"},{"id_cat":"108","descr":"FERRAMENTA"},{"id_cat":"109","descr":"TASSELLI E FISSAGGI"},{"id_cat":"110","descr":"ACCESSORI PER FUNI"},{"id_cat":"111","descr":"ANTINFORTUNISTICA"},{"id_cat":"112","descr":"COLLANTI E SIGILLANTI"},{"id_cat":"113","descr":"PUNTE, FRESE, MASCHI, FILIERE"},{"id_cat":"114","descr":"ELETTRICITA'"},{"id_cat":"116","descr":"IDRAULICA"},{"id_cat":"117","descr":"STRUMENTI DI MISURA"},{"id_cat":"1041","descr":"VITI BUTTON TTEI INOX"},{"id_cat":"1042","descr":"VITI BUTTON TTEI ZINCATE"},{"id_cat":"1043","descr":"VITI TPSEI INOX"},{"id_cat":"1044","descr":"VITI TPSEI ZINCATE"},{"id_cat":"1045","descr":"DADI CIECHI OTTONE"},{"id_cat":"1046","descr":"DADI ESAGONALI OTTONE"},{"id_cat":"1047","descr":"RONDELLE OTTONE"},{"id_cat":"1048","descr":"RONDELLE OTTONE ALZAPORTA"},{"id_cat":"1049","descr":"DADI CIECHI INOX"},{"id_cat":"10401","descr":"RONDELLE PIANE INOX"},{"id_cat":"10402","descr":"DADI ESAGONALI ALTI INOX"},{"id_cat":"10409","descr":"DADI ESAGONALI ZINCATI ALTI"},{"id_cat":"10403","descr":"DADI SVASATI INTAGLIO ZINCATI"},{"id_cat":"10404","descr":"RIBATTINI TESTA BOMBATA INOX"},{"id_cat":"10405","descr":"RIBATTINI T. SVASATA ALLUMINIO"},{"id_cat":"10406","descr":"RIBATTINI T. BOMBATA ALLUMINIO"},{"id_cat":"10411","descr":"RIBATTINI T. PIATTA ALLUMINIO"},{"id_cat":"10410","descr":"RIBATTINI T. LARGA ALLUMINIO"},{"id_cat":"10407","descr":"RIBATTINI TESTA BOMBATA RAME"},{"id_cat":"10412","descr":"RIBATTINI TESTA SVASATA RAME"},{"id_cat":"10413","descr":"RIBATTINI TESTA LARGA RAME"},{"id_cat":"10408","descr":"VITI AUTOFILETTANTI TC ZINCATE"},{"id_cat":"10001","descr":"AVVITATORI A BATTERIA"},{"id_cat":"10002","descr":"TRAPANI ELETTRICI"},{"id_cat":"10003","descr":"MANDRINI E ACCESSORI"},{"id_cat":"10004","descr":"SEGHETTI ALTERNATIVI ELETTRICI"},{"id_cat":"10005","descr":"SEGHETTI ALTERNATIVI BATTERIA"},{"id_cat":"10006","descr":"LAME E ACCESSORI"},{"id_cat":"10013","descr":"UTENSILI DREMEL"},{"id_cat":"10014","descr":"ACCESSORI DREMEL"},{"id_cat":"10007","descr":"SMERIGLIATRICI ELETTRICHE"},{"id_cat":"10008","descr":"SMERIGLIATRICI A BATTERIA"},{"id_cat":"10009","descr":"ACCESSORI SMERIGLIATRICI"},{"id_cat":"118","descr":"LUBRIFICANTI"},{"id_cat":"10011","descr":"UTENSILI OSCILLANTI A BATTERIA"},{"id_cat":"10012","descr":"ACCESSORI UTENSILI OSCILLANTI"},{"id_cat":"10801","descr":"BANDELLE PER PERSIANE LEGNO"},{"id_cat":"10802","descr":"CARDINI E SPINE PERSIANE LEGNO"},{"id_cat":"10803","descr":"MANIGLIE PER PERSIANE LEGNO"},{"id_cat":"10804","descr":"FERMASCURI PER PERSIANE LEGNO"},{"id_cat":"10414","descr":"BARRE FILETTATE OTTONE"},{"id_cat":"10805","descr":"CATENACCI PER PERSIANE LEGNO"},{"id_cat":"10806","descr":"SPAGNOLETTE PERSIANE LEGNO"},{"id_cat":"11201","descr":"SCHIUMA POLIURETANICA"},{"id_cat":"11202","descr":"SILICONE"},{"id_cat":"11203","descr":"COLLE CIANOACRILICHE"},{"id_cat":"11204","descr":"COLLE DI MONTAGGIO"},{"id_cat":"11205","descr":"COLLE PER PARQUET"},{"id_cat":"11206","descr":"COLLE PER PVC"},{"id_cat":"11207","descr":"COLLE A CONTATTO"},{"id_cat":"11208","descr":"COLLE SPRAY"},{"id_cat":"11209","descr":"COLLE VINILICHE"},{"id_cat":"11210","descr":"COLLE POLIURETANICHE"},{"id_cat":"11211","descr":"COLLE TERMOFUSIBILI"},{"id_cat":"11212","descr":"FRENAFILETTI E BLOCCANTI"},{"id_cat":"11213","descr":"NASTRI ADESIVI"},{"id_cat":"11214","descr":"SIGILLANTI PER RACCORDI"},{"id_cat":"11215","descr":"MALTA RESINA CHIMICA"},{"id_cat":"10701","descr":"SERRATURE AGB PATENT, INCONTRI"},{"id_cat":"10702","descr":"SERRATURE BONAITI PATENT"},{"id_cat":"10703","descr":"SERRATURE INFILARE A CILINDRO"},{"id_cat":"10705","descr":"SERRATURE INFILARE SPILLO"},{"id_cat":"10704","descr":"SERRATURE PER MOBILI"},{"id_cat":"10706","descr":"SERRATURE ELETTRICHE INFILARE"},{"id_cat":"10707","descr":"SERRATURE INFILARE DA FASCIA"},{"id_cat":"10708","descr":"INCONTRI ELETTRICI"},{"id_cat":"10709","descr":"CILINDRI STANDARD PROFILATI"},{"id_cat":"10710","descr":"SERRATURE ELETTRICHE APPLICARE"},{"id_cat":"10711","descr":"SERRATURE INFILARE"},{"id_cat":"10712","descr":"SERRATURE INFILARE MONTANTE"},{"id_cat":"10901","descr":"TASSELLI PLASTICA UNIVERSALI"},{"id_cat":"10902","descr":"ANCORANTI MECCANICI"},{"id_cat":"10713","descr":"SERRATURE DA APPLICARE"},{"id_cat":"119","descr":"IDROPULITRICI"},{"id_cat":"10714","descr":"CILINDRI TONDI"},{"id_cat":"10903","descr":"TASSELLI PLASTICA PROLUNGATI"},{"id_cat":"10715","descr":"CILINDRI OVALI"},{"id_cat":"10716","descr":"SERRATURE PER CANCELLO"},{"id_cat":"120","descr":"ASPIRAPOLVERI"},{"id_cat":"10717","descr":"SERRATURE INF. DOPPIA MAPPA"},{"id_cat":"10718","descr":"SERRATURE CISA LOGO LINE"},{"id_cat":"10719","descr":"SERRATURE INFILARE ELETTRICHE"},{"id_cat":"10807","descr":"POZZETTI A MOLLA ANTIPOLVERE"},{"id_cat":"10720","descr":"SERRATURE APPLICARE BLINDATI"},{"id_cat":"10721","descr":"SERRATURE E SISTEMI ANTIPANICO"},{"id_cat":"10722","descr":"CILINDRI DI SICUREZZA"},{"id_cat":"10723","descr":"CILINDRI VARI"},{"id_cat":"10724","descr":"SERRATURE APPLICARE FERRO"},{"id_cat":"10809","descr":"CERNIERE PER MOBILI"},{"id_cat":"10725","descr":"SERRATURE APPLICARE CILINDRO"},{"id_cat":"10904","descr":"TASSELLI ACCIAIO PROLUNGATI"},{"id_cat":"12101","descr":"CARDINI PER CANCELLI IN FERRO"},{"id_cat":"12102","descr":"CERNIERE E CATENACCI PER FERRO"},{"id_cat":"12103","descr":"RUOTE PER CANCELLI SCORREVOLI"},{"id_cat":"12104","descr":"CREMAGLIERE PER CANCELLI FERRO"},{"id_cat":"12105","descr":"PIASTRE E RULLI GUIDA CANCELLI"},{"id_cat":"12106","descr":"ACCESSORI PER PORTONI"},{"id_cat":"12107","descr":"CARRELLI AUTOPORTANTI"},{"id_cat":"12108","descr":"CUSCINETTI REGGISPINTA"},{"id_cat":"12109","descr":"ACCESSORI PER CARPENTERIA INOX"},{"id_cat":"10726","descr":"SERRATURE MAGNETICHE INFILARE"},{"id_cat":"10727","descr":"SERRATURE PER PORTE SCORREVOLI"},{"id_cat":"12110","descr":"GUIDE PER SCORREVOLI PAVIMENTO"},{"id_cat":"12201","descr":"PISTONCINI E PRESSORI A MOLLA"},{"id_cat":"12202","descr":"ANTIVIBRANTI, PIEDI REGOLABILI"},{"id_cat":"12203","descr":"TAPPI A LAMELLE PER TUBI"},{"id_cat":"10728","descr":"SERRATURE MULTIPUNTO PER LEGNO"},{"id_cat":"12204","descr":"VOLANTINI"},{"id_cat":"10810","descr":"SISTEMI DI ASSEMBLAGGIO MOBILI"},{"id_cat":"10811","descr":"BRACCETTI E AGGANCI PER MOBILI"},{"id_cat":"10812","descr":"ACCESSORI E GUIDE PER CASSETTI"},{"id_cat":"10813","descr":"CHIUSURE A LEVA PER MOBILI"},{"id_cat":"10814","descr":"CERNIERE E CATENACCI PER LEGNO"},{"id_cat":"10815","descr":"CERNIERE A MOLLA E CHIUDIPORTA"},{"id_cat":"10816","descr":"CERNIERE PIANE AD AVVITARE"},{"id_cat":"10817","descr":"CHIUSURE MAGNETICHE PER MOBILI"},{"id_cat":"10818","descr":"COMPLEMENTI DI ARREDO MOBILI"},{"id_cat":"10819","descr":"DOTAZIONI PER ARMADI"},{"id_cat":"10820","descr":"SCIVOLI, PARACOLPI E FELTRINI"},{"id_cat":"10821","descr":"CERNIERE INVISIBILI PER PORTE"},{"id_cat":"10822","descr":"PIEDINI E LIVELLATORI MOBILI"},{"id_cat":"11301","descr":"FRESE A TAZZA PER METALLO"},{"id_cat":"11302","descr":"FRESE A TAZZA MULTIMATERIALE"},{"id_cat":"10823","descr":"FERRAMENTA PER PVC E ALLUMINIO"},{"id_cat":"11303","descr":"FRESE PER LEGNO"},{"id_cat":"11304","descr":"FRESE PER MATTONI E CERAMICA"},{"id_cat":"11305","descr":"PUNTE DA TRAPANO PER ACCIAIO"},{"id_cat":"11306","descr":"PUNTE DA TRAPANO PER INOX"},{"id_cat":"10824","descr":"BORCHIE COPRIVITI PER LEGNO"},{"id_cat":"11307","descr":"SVASATORI E FRESE A GRADINI"},{"id_cat":"11308","descr":"MASCHI PER FILETTARE"},{"id_cat":"11309","descr":"MASCHI PER FILETTARE INOX"},{"id_cat":"11310","descr":"MASCHI PER FILETTARE GHISA"},{"id_cat":"11311","descr":"MASCHI A RULLARE FILETTATURA"},{"id_cat":"11312","descr":"MASCHI PER FILETTARE SINISTRI"},{"id_cat":"11313","descr":"MASCHI PER FILETTARE ALLUMINIO"},{"id_cat":"11314","descr":"MASCHI PER FILETTATURA BSW"},{"id_cat":"11315","descr":"MASCHI PER FILETTATURA GAS"},{"id_cat":"11316","descr":"MASCHI PER FILETTATURA PG"},{"id_cat":"11317","descr":"FILIERE PER FILETTARE"},{"id_cat":"11318","descr":"FILIERE FILETTATURA PASSO FINE"},{"id_cat":"11319","descr":"FILIERE PER FILETTATURA GAS"},{"id_cat":"11320","descr":"FILIERE PER FILETTARE SINISTRE"},{"id_cat":"11321","descr":"DISCHI PER TRONCATRICE"},{"id_cat":"11322","descr":"GIRAMASCHI E GIRAFILIERE"},{"id_cat":"11323","descr":"FILIERE PER FILETTATURA BSW"},{"id_cat":"11324","descr":"FRESE A CANDELA E PER CAVE"},{"id_cat":"10825","descr":"CHIUSURE ERMETICHE PER PORTE"},{"id_cat":"10826","descr":"SOGLIE PER PORTE"},{"id_cat":"10827","descr":"MANIGLIE PER PORTE"},{"id_cat":"10828","descr":"CERNIERE PER PORTE IN VETRO"},{"id_cat":"10101","descr":"CESOIE PER CAVI E FUNI"},{"id_cat":"10102","descr":"FORBICI DA ELETTRICISTA"},{"id_cat":"10103","descr":"PINZE REGOLABILI TUBI E DADI"},{"id_cat":"10104","descr":"PINZE PER ANELLI DI SICUREZZA"},{"id_cat":"10105","descr":"PINZE PRENSILI"},{"id_cat":"10106","descr":"PINZE E UTENSILI SPELACAVI"},{"id_cat":"10107","descr":"PINZE PER CAPICORDA"},{"id_cat":"10108","descr":"PINZE UNIVERSALI"},{"id_cat":"10109","descr":"TRONCHESI"},{"id_cat":"10110","descr":"TENAGLIE"},{"id_cat":"10111","descr":"MORSETTI E STRETTOI"},{"id_cat":"10829","descr":"MANIGLIE PER FINESTRE"},{"id_cat":"10830","descr":"POMOLI PER PORTE"},{"id_cat":"10831","descr":"MANIGLIE AD INCASSO"},{"id_cat":"10905","descr":"TASSELLI METALLICI UNIVERSALI"},{"id_cat":"12205","descr":"MANIGLIE A SCATTO E MANOPOLE"},{"id_cat":"10415","descr":"VITI TRUCIOLARI NERE PER LEGNO"},{"id_cat":"10416","descr":"VITI TRUCIOLARI ZINCATE LEGNO"},{"id_cat":"10729","descr":"SERRATURE MULTIPUNTO ALLUMINIO"},{"id_cat":"10417","descr":"VITI TESTA TONDA LARGA QUADRO"},{"id_cat":"10418","descr":"BORCHIE FILETTATE CON ESAGONO"},{"id_cat":"10730","descr":"SERRATURE CASELLARI POSTALI"},{"id_cat":"10419","descr":"VITI TTQST INOX"},{"id_cat":"10420","descr":"VITI TTQST OTTONE"},{"id_cat":"10421","descr":"VITI TTQST NERE"},{"id_cat":"10422","descr":"DADI ESAGONALI NERI"},{"id_cat":"10423","descr":"RONDELLE SVASATE"},{"id_cat":"10832","descr":"SISTEMI SCORREVOLI PER PORTE"},{"id_cat":"10424","descr":"DADI ANTINTRUSIONE INOX"},{"id_cat":"10808","descr":"ACCESSORI AVVOLGITAPPARELLE"},{"id_cat":"10112","descr":"CESOIE UNIVERSALI"},{"id_cat":"10425","descr":"DADI AUTOBLOCCANTI INOX"},{"id_cat":"10426","descr":"RONDELLE GROWER INOX"},{"id_cat":"10427","descr":"RONDELLE DENTELLATE INOX"},{"id_cat":"10906","descr":"TURBOVITI"},{"id_cat":"10428","descr":"DADI ESAGONALI INOX"},{"id_cat":"10429","descr":"DADI ESAGONALI FLANGIATI INOX"},{"id_cat":"10430","descr":"DADI A FARFALLA INOX"},{"id_cat":"10907","descr":"FISSAGGI PER VENTILAZIONE"},{"id_cat":"10908","descr":"FISSAGGI PER ISOLAMENTO"},{"id_cat":"10431","descr":"INSERTI FILETTATI PER LAMIERE"},{"id_cat":"11325","descr":"PUNTE DA TRAPANO PER ALLUMINIO"},{"id_cat":"11101","descr":"SCARPE ANTINFORTUNISTICHE"},{"id_cat":"10731","descr":"CHIUSURE E SERRATURE A TAVELLA"},{"id_cat":"10833","descr":"SPIONCINI PER PORTE BLINDATE"},{"id_cat":"10909","descr":"TASSELLI PER LASTRE E SOFFITTI"},{"id_cat":"10910","descr":"FISSAGGI ELETTRICI IDRAULICI"},{"id_cat":"10732","descr":"SERRATURE PORTE TAGLIAFUOCO"},{"id_cat":"10834","descr":"CARRUCOLE NYLON E METALLO"},{"id_cat":"10733","descr":"SERRATURE PREMIAPRI"},{"id_cat":"10734","descr":"SERRATURE PER PORTE IN VETRO"},{"id_cat":"11326","descr":"PUNTE DA TRAPANO SINISTRE"},{"id_cat":"11001","descr":"MORSETTI A CAVALLOTTO INOX"},{"id_cat":"10432","descr":"RIBATTINI T. BOMBATA ACCIAIO"},{"id_cat":"11002","descr":"TENDITORI A 2 OCCHI INOX"},{"id_cat":"11003","descr":"TENDITORI A 2 FORCELLE INOX"},{"id_cat":"11004","descr":"TENDITORI OCCHIO GANCIO INOX"},{"id_cat":"11005","descr":"TENDITORI A TUBO INOX"},{"id_cat":"10433","descr":"BARRE FILETTATE INOX"},{"id_cat":"10835","descr":"GUARNIZIONI ADESIVE SERRAMENTI"},{"id_cat":"10836","descr":"GUARNIZIONI PER PORTE INTERNE"},{"id_cat":"10837","descr":"GUARNIZIONI PORTE SCORREVOLI"},{"id_cat":"11327","descr":"FRESE ROTATIVE PER METALLI"},{"id_cat":"10838","descr":"POMOLI E MANIGLIE PER MOBILI"},{"id_cat":"10839","descr":"MONTAGGIO E POSA SERRAMENTI"},{"id_cat":"10840","descr":"NOTTOLINI PER PORTE BAGNO"},{"id_cat":"10841","descr":"APPENDIABITI"},{"id_cat":"10842","descr":"ANTA RIBALTA LEGNO"},{"id_cat":"10843","descr":"ANTA RIBALTA PVC"},{"id_cat":"10434","descr":"RIVETTI A STRAPPO INOX"},{"id_cat":"10435","descr":"RIVETTI A STRAPPO RAME"},{"id_cat":"10436","descr":"RIVETTI A STRAPPO ALLUMINIO"},{"id_cat":"10844","descr":"MANIGLIONI ALZANTI SCORREVOLI"},{"id_cat":"10301","descr":"SPAZZOLE ABRASIVE PER UTENSILI"},{"id_cat":"10302","descr":"SPAZZOLE ABRASIVE A MANO"},{"id_cat":"10845","descr":"CREMONESI"},{"id_cat":"10846","descr":"ACCESSORI ALZANTI SCORREVOLI"},{"id_cat":"10847","descr":"ACCESSORI PARALLELI SCORREVOLI"},{"id_cat":"10113","descr":"PINZE PIEGA LAMIERA"},{"id_cat":"10501","descr":"CHIODI, GRAFFE, GROPPINI"},{"id_cat":"10848","descr":"PROFILI PER PAVIMENTI"},{"id_cat":"10849","descr":"PROFILI IN ALLUMINIO"},{"id_cat":"10850","descr":"PROFILI IN PLASTICA"},{"id_cat":"10851","descr":"SISTEMI FISSAGGIO LEGGERI"},{"id_cat":"10852","descr":"SISTEMI FISSAGGIO PESANTI"},{"id_cat":"10605","descr":"SPATOLE E FRATTAZZI"},{"id_cat":"10604","descr":"STUCCHI PER LEGNO E MURO"},{"id_cat":"10606","descr":"PENNELLI PER VERNICI E PITTURE"},{"id_cat":"10603","descr":"SOLVENTI, DILUENTI, ALCOOL"},{"id_cat":"10602","descr":"PITTURA MURALE"},{"id_cat":"10601","descr":"IMPREGNANTI, VERNICI PER LEGNO"},{"id_cat":"10607","descr":"VERNICI PER METALLO"},{"id_cat":"10608","descr":"VERNICI SPRAY"},{"id_cat":"10437","descr":"VITI TRUCIOLARI BRONZATE LEGNO"},{"id_cat":"10438","descr":"VITI TRUCIOLARI INOX LEGNO"},{"id_cat":"10439","descr":"VITI AUTOPERFORANTI METALLO"},{"id_cat":"10853","descr":"GUARNIZIONI SERRAMENTI LEGNO"},{"id_cat":"10114","descr":"VALIGIE E CASSETTIERE"},{"id_cat":"10115","descr":"CHIAVI A BUSSOLA"},{"id_cat":"10116","descr":"UTENSILI PER ELETTRONICA"},{"id_cat":"10117","descr":"CHIAVI DI MANOVRA"},{"id_cat":"10118","descr":"GIRAVITI"},{"id_cat":"10119","descr":"MARTELLI E SCALPELLI"},{"id_cat":"10120","descr":"CHIAVI MASCHIO"},{"id_cat":"10121","descr":"ESTRATTORI"},{"id_cat":"10122","descr":"UTENSILI TRACCIATURA"},{"id_cat":"10123","descr":"MANUTENZIONE GENERALE"},{"id_cat":"11701","descr":"CALIBRI MICROMETRI SPESSIMETRI"},{"id_cat":"11702","descr":"FLESSOMETRI E DOPPIOMETRI"},{"id_cat":"11703","descr":"SQUADRE E LIVELLE"},{"id_cat":"11704","descr":"STRUMENTI DI MISURA DIGITALI"},{"id_cat":"11705","descr":"COMPASSI GONIOMETRI E RIGHE"},{"id_cat":"10854","descr":"CASSETTE E CASSELARI POSTALI"},{"id_cat":"12306","descr":"RUOTE INDUSTRIALI"},{"id_cat":"10855","descr":"RIQUALIFICA FORO FINESTRA"},{"id_cat":"10856","descr":"CASSEFORTI"}]