[
	{
		"id_mag": 0,
		"id_art": 1,
		"scorta_min": 0,
		"lotto_rio": 0,
		"qta_ini": 0,
		"qta_acq": 0,
		"qta_ven": 65,
		"qta_fine": 0,
		"esistenza": -65,
		"esi_fine_a": -56
	},
	{
		"id_mag": 0,
		"id_art": 2,
		"scorta_min": 0,
		"lotto_rio": 0,
		"qta_ini": 0,
		"qta_acq": 0,
		"qta_ven": 34,
		"qta_fine": 0,
		"esistenza": -34,
		"esi_fine_a": -5
	},
	{
		"id_mag": 0,
		"id_art": 6,
		"scorta_min": 0,
		"lotto_rio": 0,
		"qta_ini": 0,
		"qta_acq": 0,
		"qta_ven": 55,
		"qta_fine": 0,
		"esistenza": -55,
		"esi_fine_a": -55
	},
	{
		"id_mag": 0,
		"id_art": 7,
		"scorta_min": 0,
		"lotto_rio": 0,
		"qta_ini": 0,
		"qta_acq": 0,
		"qta_ven": 472,
		"qta_fine": 0,
		"esistenza": -472,
		"esi_fine_a": -468
	},
	{
		"id_mag": 0,
		"id_art": 8,
		"scorta_min": 0,
		"lotto_rio": 0,
		"qta_ini": 0,
		"qta_acq": 0,
		"qta_ven": 125,
		"qta_fine": 0,
		"esistenza": -125,
		"esi_fine_a": -25
	}
]