[
	{
		"id_cli_for": "C000001",
		"id_cod_bar": "C000001",
		"rag_soc": "ALTERNATIVA AMBIENTE",
		"rag_soc2": "",
		"data_nasc": "",
		"indirizzo": "VIA C. CALLEGARI , 32",
		"citta": "VASCON DI CARBONERA",
		"cap": "31050",
		"provincia": "TV",
		"p_i": "02507670269",
		"telefono": "",
		"fax": "0422-446681",
		"id_lis": 1,
		"sconto": 0,
		"nota_sconto": "",
		"id_ban": "ANHW",
		"id_pag": "1",
		"id_fido": "",
		"scoperto": 0,
		"fatturato": 47.09,
		"insoluti": 0,
		"pers_rif1": "",
		"pers_rif2": "",
		"note": "",
		"id_tipo_cli": 0,
		"sesso": "",
		"bollini": 0,
		"bollini_evasi": 0,
		"saldo_iniz": 0,
		"dt_saldoi": "",
		"dare": 285.67,
		"avere": 0,
		"provv_cli": 0,
		"id_zona": "",
		"id_agente": "",
		"id_rit": "",
		"data_c": "",
		"data_m": "2017-03-06 15:04:57",
		"spese_inc": 1,
		"fatt_prec": 0,
		"socio": 0,
		"sc1f": 0,
		"sc2f": 0,
		"sc3f": 0,
		"sc4f": 0,
		"esenzione": 0,
		"id_iva_c": "22",
		"telefono1": "0422-350401",
		"cell": "",
		"e_mail": "info@cooperativa-alternativa.it",
		"www": "",
		"tipo_co": "",
		"lingua": 0,
		"c_f": "02507670269",
		"bloccato": 1,
		"note2": "",
		"data_fid": "",
		"tstudio": 0,
		"profes": 0,
		"figli": 0,
		"statoc": 0,
		"ncomp": 0,
		"datafi1": "",
		"datafi2": "",
		"datafi3": "",
		"datafi4": "",
		"datafi5": "",
		"frequenz": 0,
		"h_giard": 0,
		"h_faida": 0,
		"h_lett": 0,
		"h_mus": 0,
		"h_anim": 0,
		"h_decou": 0,
		"h_armob": 0,
		"h_artes": 0,
		"h_casa": 0,
		"p_num1": "",
		"p_num2": "",
		"p_datai1": "",
		"p_dataf1": "",
		"p_datai2": "",
		"p_dataf2": "",
		"p_emesso1": "",
		"p_emesso2": "",
		"p_tipodoc": 0,
		"iban": "",
		"id_caud": 0,
		"mod": "",
		"clioff": "",
		"codufficio": "",
		"codcliest": "",
		"sconto1": 0,
		"soglia1": 0,
		"nome": "",
		"cognome": "",
		"stato": "",
		"consenso1": 0,
		"consenso2": 0,
		"split": 0,
		"nopvddt": 0,
		"note3": "",
		"fat_email": 0,
		"esigib": ""
	},
	{
		"id_cli_for": "C000004",
		"id_cod_bar": "C000004",
		"rag_soc": "ATON S.P.A.",
		"rag_soc2": "",
		"data_nasc": "",
		"indirizzo": "VIA A.VOLTA,2",
		"citta": "VILLORBA",
		"cap": "31050",
		"provincia": "TV",
		"p_i": "02479320265",
		"telefono": "",
		"fax": "0422-618585",
		"id_lis": 1,
		"sconto": 0,
		"nota_sconto": "",
		"id_ban": "",
		"id_pag": "16",
		"id_fido": "",
		"scoperto": 0,
		"fatturato": 0,
		"insoluti": 0,
		"pers_rif1": "",
		"pers_rif2": "",
		"note": "",
		"id_tipo_cli": 0,
		"sesso": "",
		"bollini": 0,
		"bollini_evasi": 0,
		"saldo_iniz": 0,
		"dt_saldoi": "",
		"dare": 0,
		"avere": 0,
		"provv_cli": 0,
		"id_zona": "",
		"id_agente": "",
		"id_rit": "",
		"data_c": "",
		"data_m": "2015-06-10 15:04:57",
		"spese_inc": 0,
		"fatt_prec": 0,
		"socio": 0,
		"sc1f": 0,
		"sc2f": 0,
		"sc3f": 0,
		"sc4f": 0,
		"esenzione": 0,
		"id_iva_c": "22",
		"telefono1": "0422-6184",
		"cell": "",
		"e_mail": "contabilitafornitori@aton.eu",
		"www": "",
		"tipo_co": "",
		"lingua": 0,
		"c_f": "02479320265",
		"bloccato": 0,
		"note2": "",
		"data_fid": "",
		"tstudio": 0,
		"profes": 0,
		"figli": 0,
		"statoc": 0,
		"ncomp": 0,
		"datafi1": "",
		"datafi2": "",
		"datafi3": "",
		"datafi4": "",
		"datafi5": "",
		"frequenz": 0,
		"h_giard": 0,
		"h_faida": 0,
		"h_lett": 0,
		"h_mus": 0,
		"h_anim": 0,
		"h_decou": 0,
		"h_armob": 0,
		"h_artes": 0,
		"h_casa": 0,
		"p_num1": "",
		"p_num2": "",
		"p_datai1": "",
		"p_dataf1": "",
		"p_datai2": "",
		"p_dataf2": "",
		"p_emesso1": "",
		"p_emesso2": "",
		"p_tipodoc": 0,
		"iban": "",
		"id_caud": 0,
		"mod": "",
		"clioff": "",
		"codufficio": "",
		"codcliest": "",
		"sconto1": 0,
		"soglia1": 0,
		"nome": "",
		"cognome": "",
		"stato": "",
		"consenso1": 0,
		"consenso2": 0,
		"split": 0,
		"nopvddt": 0,
		"note3": "",
		"fat_email": 0,
		"esigib": ""
	},
	{
		"id_cli_for": "C000005",
		"id_cod_bar": "C000005",
		"rag_soc": "A.M.B. di CAVALLETTO RADAMES",
		"rag_soc2": "",
		"data_nasc": "",
		"indirizzo": "VIA DONATORI DEL SANGUE , 5/II",
		"citta": "FONTANE DI VILLORBA",
		"cap": "31050",
		"provincia": "TV",
		"p_i": "01763920269",
		"telefono": "",
		"fax": "",
		"id_lis": 1,
		"sconto": 0,
		"nota_sconto": "",
		"id_ban": "",
		"id_pag": "1",
		"id_fido": "",
		"scoperto": 0,
		"fatturato": 9.53,
		"insoluti": 0,
		"pers_rif1": "",
		"pers_rif2": "",
		"note": "",
		"id_tipo_cli": 0,
		"sesso": "",
		"bollini": 0,
		"bollini_evasi": 0,
		"saldo_iniz": 0,
		"dt_saldoi": "",
		"dare": 0,
		"avere": 0,
		"provv_cli": 0,
		"id_zona": "",
		"id_agente": "",
		"id_rit": "",
		"data_c": "",
		"data_m": "2015-06-10 15:04:57",
		"spese_inc": 1,
		"fatt_prec": 0,
		"socio": 0,
		"sc1f": 0,
		"sc2f": 0,
		"sc3f": 0,
		"sc4f": 0,
		"esenzione": 0,
		"id_iva_c": "22",
		"telefono1": "",
		"cell": "",
		"e_mail": "",
		"www": "",
		"tipo_co": "",
		"lingua": 0,
		"c_f": "",
		"bloccato": 0,
		"note2": "",
		"data_fid": "",
		"tstudio": 0,
		"profes": 0,
		"figli": 0,
		"statoc": 0,
		"ncomp": 0,
		"datafi1": "",
		"datafi2": "",
		"datafi3": "",
		"datafi4": "",
		"datafi5": "",
		"frequenz": 0,
		"h_giard": 0,
		"h_faida": 0,
		"h_lett": 0,
		"h_mus": 0,
		"h_anim": 0,
		"h_decou": 0,
		"h_armob": 0,
		"h_artes": 0,
		"h_casa": 0,
		"p_num1": "",
		"p_num2": "",
		"p_datai1": "",
		"p_dataf1": "",
		"p_datai2": "",
		"p_dataf2": "",
		"p_emesso1": "",
		"p_emesso2": "",
		"p_tipodoc": 0,
		"iban": "",
		"id_caud": 0,
		"mod": "",
		"clioff": "",
		"codufficio": "",
		"codcliest": "",
		"sconto1": 0,
		"soglia1": 0,
		"nome": "",
		"cognome": "",
		"stato": "",
		"consenso1": 0,
		"consenso2": 0,
		"split": 0,
		"nopvddt": 0,
		"note3": "",
		"fat_email": 0,
		"esigib": ""
	},
	{
		"id_cli_for": "C000008",
		"id_cod_bar": "C000008",
		"rag_soc": "CAMPION LORENZO",
		"rag_soc2": "",
		"data_nasc": "",
		"indirizzo": "VIA CODE , 26",
		"citta": "PERO DI BREDA DI PIAVE",
		"cap": "31030",
		"provincia": "TV",
		"p_i": "03288130267",
		"telefono": "",
		"fax": "",
		"id_lis": 1,
		"sconto": 0,
		"nota_sconto": "",
		"id_ban": "BYGN",
		"id_pag": "1",
		"id_fido": "",
		"scoperto": 0,
		"fatturato": 0.04,
		"insoluti": 0,
		"pers_rif1": "",
		"pers_rif2": "",
		"note": "",
		"id_tipo_cli": 0,
		"sesso": "",
		"bollini": 0,
		"bollini_evasi": 0,
		"saldo_iniz": 0,
		"dt_saldoi": "",
		"dare": 0,
		"avere": 0,
		"provv_cli": 0,
		"id_zona": "",
		"id_agente": "",
		"id_rit": "",
		"data_c": "",
		"data_m": "2015-06-10 15:04:57",
		"spese_inc": 1,
		"fatt_prec": 0,
		"socio": 0,
		"sc1f": 0,
		"sc2f": 0,
		"sc3f": 0,
		"sc4f": 0,
		"esenzione": 0,
		"id_iva_c": "22",
		"telefono1": "0422-904006",
		"cell": "",
		"e_mail": "",
		"www": "",
		"tipo_co": "",
		"lingua": 0,
		"c_f": "",
		"bloccato": 0,
		"note2": "",
		"data_fid": "",
		"tstudio": 0,
		"profes": 0,
		"figli": 0,
		"statoc": 0,
		"ncomp": 0,
		"datafi1": "",
		"datafi2": "",
		"datafi3": "",
		"datafi4": "",
		"datafi5": "",
		"frequenz": 0,
		"h_giard": 0,
		"h_faida": 0,
		"h_lett": 0,
		"h_mus": 0,
		"h_anim": 0,
		"h_decou": 0,
		"h_armob": 0,
		"h_artes": 0,
		"h_casa": 0,
		"p_num1": "",
		"p_num2": "",
		"p_datai1": "",
		"p_dataf1": "",
		"p_datai2": "",
		"p_dataf2": "",
		"p_emesso1": "",
		"p_emesso2": "",
		"p_tipodoc": 0,
		"iban": "",
		"id_caud": 0,
		"mod": "",
		"clioff": "",
		"codufficio": "",
		"codcliest": "",
		"sconto1": 0,
		"soglia1": 0,
		"nome": "",
		"cognome": "",
		"stato": "",
		"consenso1": 0,
		"consenso2": 0,
		"split": 0,
		"nopvddt": 0,
		"note3": "",
		"fat_email": 0,
		"esigib": ""
	},
	{
		"id_cli_for": "C000009",
		"id_cod_bar": "C000009",
		"rag_soc": "AUTOTAPPEZZERIA BROLLI",
		"rag_soc2": "",
		"data_nasc": "",
		"indirizzo": "VIA SELGHERE , 16",
		"citta": "LANCENIGO DI VILLORBA",
		"cap": "31020",
		"provincia": "TV",
		"p_i": "02435480260",
		"telefono": "0422-350086",
		"fax": "0422-350086",
		"id_lis": 1,
		"sconto": 0,
		"nota_sconto": "",
		"id_ban": "",
		"id_pag": "16",
		"id_fido": "",
		"scoperto": 0,
		"fatturato": 135.06,
		"insoluti": 0,
		"pers_rif1": "",
		"pers_rif2": "",
		"note": "",
		"id_tipo_cli": 0,
		"sesso": "",
		"bollini": 0,
		"bollini_evasi": 0,
		"saldo_iniz": 0,
		"dt_saldoi": "",
		"dare": 0,
		"avere": 0,
		"provv_cli": 0,
		"id_zona": "",
		"id_agente": "",
		"id_rit": "",
		"data_c": "",
		"data_m": "2015-06-10 15:04:57",
		"spese_inc": 0,
		"fatt_prec": 0,
		"socio": 0,
		"sc1f": 0,
		"sc2f": 0,
		"sc3f": 0,
		"sc4f": 0,
		"esenzione": 0,
		"id_iva_c": "22",
		"telefono1": "",
		"cell": "",
		"e_mail": "",
		"www": "",
		"tipo_co": "",
		"lingua": 0,
		"c_f": "BRLFNC63P02L407H",
		"bloccato": 0,
		"note2": "",
		"data_fid": "",
		"tstudio": 0,
		"profes": 0,
		"figli": 0,
		"statoc": 0,
		"ncomp": 0,
		"datafi1": "",
		"datafi2": "",
		"datafi3": "",
		"datafi4": "",
		"datafi5": "",
		"frequenz": 0,
		"h_giard": 0,
		"h_faida": 0,
		"h_lett": 0,
		"h_mus": 0,
		"h_anim": 0,
		"h_decou": 0,
		"h_armob": 0,
		"h_artes": 0,
		"h_casa": 0,
		"p_num1": "",
		"p_num2": "",
		"p_datai1": "",
		"p_dataf1": "",
		"p_datai2": "",
		"p_dataf2": "",
		"p_emesso1": "",
		"p_emesso2": "",
		"p_tipodoc": 0,
		"iban": "",
		"id_caud": 0,
		"mod": "",
		"clioff": "",
		"codufficio": "",
		"codcliest": "",
		"sconto1": 0,
		"soglia1": 0,
		"nome": "",
		"cognome": "",
		"stato": "",
		"consenso1": 0,
		"consenso2": 0,
		"split": 0,
		"nopvddt": 0,
		"note3": "",
		"fat_email": 0,
		"esigib": ""
	},
	{
		"id_cli_for": "C000011",
		"id_cod_bar": "C000011",
		"rag_soc": "CARTOFER DI SPIGARIOL MARIO",
		"rag_soc2": "",
		"data_nasc": "",
		"indirizzo": "VIA DEL LAVORO,12",
		"citta": "BREDA DI PIAVE",
		"cap": "31030",
		"provincia": "TV",
		"p_i": "00838960268",
		"telefono": "",
		"fax": "",
		"id_lis": 1,
		"sconto": 0,
		"nota_sconto": "",
		"id_ban": "",
		"id_pag": "16",
		"id_fido": "",
		"scoperto": 0,
		"fatturato": 0,
		"insoluti": 0,
		"pers_rif1": "",
		"pers_rif2": "",
		"note": "",
		"id_tipo_cli": 0,
		"sesso": "",
		"bollini": 0,
		"bollini_evasi": 0,
		"saldo_iniz": 0,
		"dt_saldoi": "",
		"dare": 0,
		"avere": 0,
		"provv_cli": 0,
		"id_zona": "",
		"id_agente": "",
		"id_rit": "",
		"data_c": "",
		"data_m": "2015-06-10 15:04:57",
		"spese_inc": 0,
		"fatt_prec": 0,
		"socio": 0,
		"sc1f": 0,
		"sc2f": 0,
		"sc3f": 0,
		"sc4f": 0,
		"esenzione": 0,
		"id_iva_c": "22",
		"telefono1": "",
		"cell": "",
		"e_mail": "",
		"www": "",
		"tipo_co": "",
		"lingua": 0,
		"c_f": "SPGMRA45E28B128Y",
		"bloccato": 0,
		"note2": "",
		"data_fid": "",
		"tstudio": 0,
		"profes": 0,
		"figli": 0,
		"statoc": 0,
		"ncomp": 0,
		"datafi1": "",
		"datafi2": "",
		"datafi3": "",
		"datafi4": "",
		"datafi5": "",
		"frequenz": 0,
		"h_giard": 0,
		"h_faida": 0,
		"h_lett": 0,
		"h_mus": 0,
		"h_anim": 0,
		"h_decou": 0,
		"h_armob": 0,
		"h_artes": 0,
		"h_casa": 0,
		"p_num1": "",
		"p_num2": "",
		"p_datai1": "",
		"p_dataf1": "",
		"p_datai2": "",
		"p_dataf2": "",
		"p_emesso1": "",
		"p_emesso2": "",
		"p_tipodoc": 0,
		"iban": "",
		"id_caud": 0,
		"mod": "",
		"clioff": "",
		"codufficio": "",
		"codcliest": "",
		"sconto1": 0,
		"soglia1": 0,
		"nome": "",
		"cognome": "",
		"stato": "",
		"consenso1": 0,
		"consenso2": 0,
		"split": 0,
		"nopvddt": 0,
		"note3": "",
		"fat_email": 0,
		"esigib": ""
	}
]