[{"id_fam":"AD","descr":"ACCESSORI FALEGNAME"},{"id_fam":"AI","descr":"AIRTEC"},{"id_fam":"AN","descr":"ANI"},{"id_fam":"AU","descr":"AUSONIA"},{"id_fam":"BA","descr":"BAHCO SNA EUROPE"},{"id_fam":"BB","descr":"BEKAERT"},{"id_fam":"BC","descr":"BERGOLINE"},{"id_fam":"BE","descr":"BERARDI"},{"id_fam":"BF","descr":" BOSCH"},{"id_fam":"BL","descr":"BOLDRINI"},{"id_fam":"BO","descr":"BOSTITCH"},{"id_fam":"CC","descr":"CERNIERE"},{"id_fam":"CE","descr":"CINGHIE"},{"id_fam":"CG","descr":"COLORI"},{"id_fam":"CH","descr":"COMUNELLO"},{"id_fam":"CR","descr":"CORCOS"},{"id_fam":"CS","descr":"COSMOS"},{"id_fam":"DA","descr":"DOLMAR"},{"id_fam":"EB","descr":"ELEMATIC"},{"id_fam":"EC","descr":"ELETTRICITA'"},{"id_fam":"FB","descr":" FERRAMENTA"},{"id_fam":"FD","descr":"FISCHER"},{"id_fam":"FF","descr":"FUMESTERIA"},{"id_fam":"FG","descr":"FERMEC"},{"id_fam":"FH","descr":"FAR RIVETTI"},{"id_fam":"FI","descr":"FILOMAT"},{"id_fam":"FM","descr":"FM"},{"id_fam":"FN","descr":"FAREM"},{"id_fam":"FO","descr":"ANTIFORTUNISTICA"},{"id_fam":"FR","descr":"FRIULSIDER"},{"id_fam":"GA","descr":"GIARDINAGGIO-AGRICOLTURA"},{"id_fam":"GB","descr":"GUARNIZIONE"},{"id_fam":"GR","descr":"GARDENA GIARDINAGGIO"},{"id_fam":"HE","descr":"HENKEL"},{"id_fam":"KA","descr":"KARCHER"},{"id_fam":"KB","descr":"KLIC"},{"id_fam":"LT","descr":"LTF"},{"id_fam":"ME","descr":"MARCHETTI"},{"id_fam":"MF","descr":"MASTER"},{"id_fam":"MG","descr":"MISTRAL"},{"id_fam":"MH","descr":"MELCHIONI"},{"id_fam":"MI","descr":"MOBIL PLASTIC"},{"id_fam":"OA","descr":"OMAD"},{"id_fam":"OM","descr":"OMAL"},{"id_fam":"PB","descr":"PORRO"},{"id_fam":"PL","descr":"PLANO"},{"id_fam":"RB","descr":"ROLLING CENTER"},{"id_fam":"RD","descr":"RAPID"},{"id_fam":"RE","descr":"REIT"},{"id_fam":"RO","descr":"ROTHENBERGER"},{"id_fam":"RU","descr":"RUOTE RUIN CAR VARIO"},{"id_fam":"SA","descr":"SABART"},{"id_fam":"SC","descr":"SARATOGA"},{"id_fam":"COSM","descr":"COSMOS"},{"id_fam":"SE","descr":"SERRATURE"},{"id_fam":"SF","descr":"SIROTEX"},{"id_fam":"SG","descr":"SIT SPAZZOLE"},{"id_fam":"SI","descr":"STANLEY"},{"id_fam":"SL","descr":"SIPA"},{"id_fam":"SM","descr":"SM"},{"id_fam":"SN","descr":"SILMEC"},{"id_fam":"TA","descr":"TAPPI ALETTATI"},{"id_fam":"TD","descr":"TUBO GOMMA"},{"id_fam":"TE","descr":"3M ITALIA"},{"id_fam":"TF","descr":"TECOM PIEDINI"},{"id_fam":"UC","descr":"USAG UTENSILERIA"},{"id_fam":"UD","descr":"UTENSILERIA"},{"id_fam":"VE","descr":"VECAM"},{"id_fam":"WA","descr":"WERA"},{"id_fam":"AA0001","descr":"SAIT ABRASIVI"},{"id_fam":"AA0002","descr":"SAIT MOLE"},{"id_fam":"AA0003","descr":"SAIT ACCESSORI"},{"id_fam":"AG0001","descr":"MORSETTI CAVAL ZINC"},{"id_fam":"AG0002","descr":"REDANCE LEGG. ZINC."},{"id_fam":"AG0003","descr":"GRILLI ZINCATI"},{"id_fam":"AG0004","descr":"GRILLI AD OMEGA ZINC"},{"id_fam":"AG0005","descr":"ANELLI DOPPI  GIREVOLI  ZINC"},{"id_fam":"AG0006","descr":"COPIGLIE  A MOLLA ZINC."},{"id_fam":"AG0007","descr":"GOLFARI MASCHI ZINC"},{"id_fam":"AG0008","descr":"GOLFARI FEMM. ZINC."},{"id_fam":"AG0009","descr":"MOSCHETTONI TIPO A C\/OCCHIOLO"},{"id_fam":"AG0010","descr":"MOSCHETTONI TIPO D C\/SICUREZZA"},{"id_fam":"AG0012","descr":"MAGLIE RAPIDE ZINC"},{"id_fam":"AG0013","descr":"OCCHIOLO P\/TENDIT.ZINC. INOX"},{"id_fam":"AG0014","descr":"GANCI P\/TENDIT. ZINCATI  INOX"},{"id_fam":"AG0015","descr":"GANCI AD \"S\" ZINC"},{"id_fam":"AG0016","descr":"TENDITORI OCCHI ZINC"},{"id_fam":"AG0017","descr":"TENDITORI OCCH.GAN ZINC"},{"id_fam":"AG0018","descr":"GANCI OCCH ZINC SOLLEV.C\/SICUR"},{"id_fam":"AG0019","descr":"GANCI SOLLEV GIR. ACC.VERN."},{"id_fam":"AG0020","descr":"MORSETTI  CAVAL INOX"},{"id_fam":"AG0021","descr":"GOLFARI MASC.INOX"},{"id_fam":"AG0022","descr":"GOLFARI FEMM.INOX"},{"id_fam":"AG0023","descr":"GRILLI DRITTI INOX"},{"id_fam":"AG0024","descr":"GRILLI OMEGA INOX"},{"id_fam":"AG0025","descr":"REDANCE INOX"},{"id_fam":"AG0026","descr":"TENDIT 2 OCCHI INOX"},{"id_fam":"AG0027","descr":"TENDIT.OCC.GANC.INOX"},{"id_fam":"AG0028","descr":"TEND TUBO 2 FORC ACC"},{"id_fam":"AG0031","descr":"GANCI AD \"S\" INOX"},{"id_fam":"AG0032","descr":"ANELLI DOPPI GIREVOL INOX-OTTO"},{"id_fam":"AG0033","descr":"MAGLIE RAPIDE INOX"},{"id_fam":"AG0034","descr":"MOSCHETTONE POMPIERE INOX"},{"id_fam":"AG0035","descr":"MOSCHETT TIPO A INOX"},{"id_fam":"AG0036","descr":"MOSCHETT C\/SICUREZZA INOX"},{"id_fam":"AG0037","descr":"BULLONE OCCHIOLO INOX"},{"id_fam":"AG0038","descr":"COPIGLIE A MOLLA  INOX"},{"id_fam":"AG0039","descr":"ACCESSORI LVS"},{"id_fam":"AG0040","descr":"TERMINALI FILET INOX"},{"id_fam":"AI0001","descr":"UTENSILI PNEUMATICI"},{"id_fam":"AN0001","descr":"ACC X ARIA"},{"id_fam":"AU0001","descr":"FORBICI"},{"id_fam":"AU0002","descr":"EDILIZIA AUSONIA"},{"id_fam":"BA0001","descr":"UTENSILI BAHCO"},{"id_fam":"BA0002","descr":"LAME X SEGHETTI+LIME"},{"id_fam":"BA0003","descr":"UTENSILI X GIARDINAG"},{"id_fam":"BA0004","descr":"PUNTE X LEGNO"},{"id_fam":"BA0006","descr":"LAME X SEGA CIRCOLAR"},{"id_fam":"BB0001","descr":"RETI x RECINZIONE BEKAERT"},{"id_fam":"BB0004","descr":"PALI + ACCESSORI BEKAERT"},{"id_fam":"BB0005","descr":"RETI x GIARDINAGGIO"},{"id_fam":"BC0001","descr":"ARTICOLI BERGOLINE"},{"id_fam":"BE0001","descr":"BULLON TCEI ( INOX )"},{"id_fam":"BE0002","descr":"BULLON TPSEI (INOX)"},{"id_fam":"BE0003","descr":"VITI TCEI 8.8 ZINCAT"},{"id_fam":"BE0004","descr":"DADI AUTOBL (ZING)"},{"id_fam":"BE0005","descr":"VITI BANDELLE  NERE"},{"id_fam":"BE0006","descr":"RONDEL GROWER INOX"},{"id_fam":"BE0007","descr":"RONDEL DENTEL INOX"},{"id_fam":"BE0008","descr":"VITI AUTOF TPS ZINC"},{"id_fam":"BE0009","descr":"BULLONI TTDE  ZINC."},{"id_fam":"BE0010","descr":"VITI MORDENTI INOX"},{"id_fam":"BE0011","descr":"RONDELLE TORNITE OTT"},{"id_fam":"BE0012","descr":"RONDELLE GROWER ZINC"},{"id_fam":"BE0013","descr":"DADI AUTOBL (INOX)"},{"id_fam":"BE0014","descr":"VITE TPSEI (ZINC)"},{"id_fam":"BE0015","descr":"VITI AUTOF TGS INOX"},{"id_fam":"BE0016","descr":"BARRE FILETTATE ZINC"},{"id_fam":"BE0018","descr":"DADI CIECHI ( OTTONE"},{"id_fam":"BE0019","descr":"VITI   12.9   ZINC"},{"id_fam":"BE0020","descr":"VITI AUTOF TPS INOX"},{"id_fam":"BE0021","descr":"VITI AUTOFIL TC ZINC"},{"id_fam":"BE0022","descr":"VITE TE ( INOX )"},{"id_fam":"BE0023","descr":"VITI AUTOFIL TC INOX"},{"id_fam":"BE0027","descr":"VITI BUTTON TTE INOX"},{"id_fam":"BE0028","descr":"VITI METALLO TPS ZIN"},{"id_fam":"BE0029","descr":"VITI METALLO TC ZIN"},{"id_fam":"BE0032","descr":"BARRE FILETTATE OTT"},{"id_fam":"BE0033","descr":"BARRE FILETTATE INOX"},{"id_fam":"BE0034","descr":"VITE DRILLEX TE C\/RON ZINC INO"},{"id_fam":"BE0035","descr":"VITE DRILLEX TPS ZINC"},{"id_fam":"BE0036","descr":"VITE DRILLEX TC ZINC"},{"id_fam":"BE0037","descr":"RONDELLE ( ZINC. )"},{"id_fam":"BE0038","descr":"DADI con RONDELLA"},{"id_fam":"BE0039","descr":"VITI INOX TL TAGLIO"},{"id_fam":"BE0041","descr":"RONDELLE ( INOX )"},{"id_fam":"BE0044","descr":"VITI AUTOF T 1\/2 TON"},{"id_fam":"BE0046","descr":"DADI ESAG. ( ZINC. )"},{"id_fam":"BE0047","descr":"DADI ESAG. ( OTT. )"},{"id_fam":"BE0048","descr":"RONDELLA PIANA OTTONE"},{"id_fam":"BE0049","descr":"VITI AUTOF TE C\/ROND"},{"id_fam":"BE0050","descr":"DADI ESAG. ( INOX )"},{"id_fam":"BE0051","descr":"DADI A GALLETTO  INOX FEM"},{"id_fam":"BE0052","descr":"DADI A GALLETTO ZIN MASC"},{"id_fam":"BE0053","descr":"DADI CIECHI ( INOX )"},{"id_fam":"BE0054","descr":"SEGIER ESTERNI"},{"id_fam":"BE0055","descr":"SEGIER EST INOX"},{"id_fam":"BE0057","descr":"BENZING"},{"id_fam":"BE0059","descr":"COPPIGLIE"},{"id_fam":"BE0060","descr":"RONDELLE RAME ALLUMINIO"},{"id_fam":"BE0064","descr":"VITI METALLO TC OTT"},{"id_fam":"BE0065","descr":"DADI CIECHI ( ZINC )"},{"id_fam":"BE0066","descr":"DADI A GALLETTO ZINC FEM"},{"id_fam":"BE0067","descr":"RONDELLE DENTEL ZINC"},{"id_fam":"BE0068","descr":"RONDELLE SCHNORR"},{"id_fam":"BE0069","descr":"SPINE ELASTICHE"},{"id_fam":"BE0071","descr":"DADI ALETTE OTT0 FEM"},{"id_fam":"BE0073","descr":"GRANO INOX A PUNTA"},{"id_fam":"BE0074","descr":"DADI ESAG ZINC PROLUNGATI"},{"id_fam":"BE0075","descr":"BULLONE TTDE INOX"},{"id_fam":"BE0077","descr":"GRANO ZINC A PUNTA"},{"id_fam":"BE0078","descr":"GRANO ZINC PIANO"},{"id_fam":"BE0079","descr":"GRANO INOX PIANO"},{"id_fam":"BE0080","descr":"COPIGLIE INOX"},{"id_fam":"BE0083","descr":"CHIAVETTE"},{"id_fam":"BE0084","descr":"VITE AUT. TCEI ZINC"},{"id_fam":"BE0085","descr":"VITI TRUC   P\/FIL TPS-TORX"},{"id_fam":"BE0086","descr":"VITE MET. INOX TC"},{"id_fam":"BE0087","descr":"VITE MET. INOX TPS"},{"id_fam":"BE0088","descr":"BULLONE TE P\/FIL 8\/8 P\/G"},{"id_fam":"BE0089","descr":"VITE TE ZIN 8.8 P\/G"},{"id_fam":"BE0090","descr":"VITE BUTTON TTE ZINC"},{"id_fam":"BE0092","descr":"ROND. ELASTICHE-ELAST.A-ELAS.B"},{"id_fam":"BE0094","descr":"GRANI INOX A P COPPA"},{"id_fam":"BE0095","descr":"BULLONI TE INOX P\/F"},{"id_fam":"BE0096","descr":"VITI TRUC. INOX"},{"id_fam":"BE0099","descr":"VITI MET. INOX TGS"},{"id_fam":"BE0100","descr":"VITI TRUC BRONZ TPS"},{"id_fam":"BE0101","descr":"BARRE FILETTATE 10.9"},{"id_fam":"BE0103","descr":"SEGIER INTERNI"},{"id_fam":"BF0001","descr":"ACCESS. x UTENSILI BOSCH"},{"id_fam":"BF0003","descr":"UTENSILI PROFESS BOSCH"},{"id_fam":"BF0004","descr":"RICAMBI BOSCH"},{"id_fam":"BF0005","descr":"UTENSILI HOBBY BOSCH"},{"id_fam":"BF0006","descr":"UTENS. GIARDINAGGIO BOSCH"},{"id_fam":"BF0007","descr":"DREMEL"},{"id_fam":"BL0001","descr":"PENNELLI  ACCESSORI"},{"id_fam":"BO0001","descr":"PUNTI E CHIODI"},{"id_fam":"BO0002","descr":"CHIODATR\/PUNTATRICI"},{"id_fam":"CC0001","descr":"CERNIERE X LEGNO"},{"id_fam":"CE0001","descr":"ARTICOLI CINGHIE"},{"id_fam":"CG0001","descr":"COLORI  BALDINI"},{"id_fam":"CG0002","descr":"LAKY COLOR"},{"id_fam":"CG0003","descr":"FINNOTECH"},{"id_fam":"CH0001","descr":"ARTICOLI COMUNELLO"},{"id_fam":"CR0001","descr":"ARTICOLI  LUCIDATURA"},{"id_fam":"CS0001","descr":"UTENSILI COSMOS"},{"id_fam":"DA0001","descr":"ARTICOLI DOLMAR"},{"id_fam":"EB0001","descr":"TASSELLI ELEMATIC"},{"id_fam":"EB0002","descr":"CAPICORDA ELEMATIC"},{"id_fam":"EB0003","descr":"FASCETTE x CABLAGGIO ELEMATIC"},{"id_fam":"EB0004","descr":"NASTRO ADESIVO ELEMATIC"},{"id_fam":"EB0005","descr":"UTENSILI   ELEMATIC"},{"id_fam":"EC0001","descr":"ARTICOLI ELETTRICITA'"},{"id_fam":"EC0003","descr":"BRENNENSTUHL"},{"id_fam":"FB0001","descr":"FERRAMENTA VARIO"},{"id_fam":"FB0003","descr":"SIGILLANTI-ERICOM"},{"id_fam":"FB0004","descr":"FASCETTE STRING MEB"},{"id_fam":"FB0019","descr":"IBFM MINUTERIA FERR"},{"id_fam":"FD0001","descr":"FISS LEGGERI-PESANTI FISCHER"},{"id_fam":"FD0002","descr":"ANCORANTI CHIMICI FISCHER"},{"id_fam":"FD0004","descr":"FISS TERMOSANITARI FISCHER"},{"id_fam":"FD0005","descr":"SAMONTEC FISCHER"},{"id_fam":"FD0006","descr":"FISSAGGI ELETTRICI FISCHER"},{"id_fam":"FD0007","descr":"SELF SERVICE-MENSOLE FISCHER"},{"id_fam":"FF0001","descr":"VARIE FUMISTERIA"},{"id_fam":"FF0003","descr":"ALA"},{"id_fam":"FG0001","descr":"ARTICOLI FERMEC"},{"id_fam":"FH0001","descr":"RIVETTO ALLUMINIO FAR"},{"id_fam":"FH0002","descr":"RIVETTO INOX A2 FAR"},{"id_fam":"FH0003","descr":"RIVETTO GRAF ALLUMIN FAR"},{"id_fam":"FH0004","descr":"RIVETTATRICI FAR"},{"id_fam":"FH0005","descr":"RIV CHIODO ALLUMINIO FAR"},{"id_fam":"FH0006","descr":"RIVETTO ALL T\/LARGA FAR"},{"id_fam":"FH0007","descr":"RIVETTO ALL TSV FAR"},{"id_fam":"FH0008","descr":"INSERTO FIL\/MASCHI0 FAR"},{"id_fam":"FH0009","descr":"RIVETTO RAME FAR"},{"id_fam":"FH0010","descr":"RICAMBI RIVETTATRICI FAR"},{"id_fam":"FH0011","descr":"RIV RAME CHIODO\/OTT FAR"},{"id_fam":"FH0012","descr":"RIVETTO INOX A2 TSV FAR"},{"id_fam":"FH0013","descr":"RIV INOX A2 T\/LARGA FAR"},{"id_fam":"FH0014","descr":"RIVETTO INOX A4 FAR"},{"id_fam":"FH0015","descr":"RIVETTI ERMETICI FAR"},{"id_fam":"FH0016","descr":"INS FIL ZIG AC T\/RID FAR"},{"id_fam":"FH0017","descr":"INSERTO FIL ACC TSV FAR"},{"id_fam":"FH0018","descr":"INSERTO FIL ACC TC FAR"},{"id_fam":"FH0019","descr":"INSERT FIL ACC T\/RID FAR"},{"id_fam":"FH0020","descr":"INS FIL ACC CIECO TC FAR"},{"id_fam":"FH0021","descr":"INSER FIL ZIG ACC TC FAR"},{"id_fam":"FH0022","descr":"INSERTO FIL ALL TC FAR"},{"id_fam":"FH0023","descr":"INSERTO FIL ALL TSV FAR"},{"id_fam":"FH0024","descr":"INSER FIL INOX T\/RID FAR"},{"id_fam":"FH0025","descr":"INSERTO FIL INOX TC FAR"},{"id_fam":"FH0026","descr":"INSERTO FIL INOX TSV FAR"},{"id_fam":"FH0027","descr":"RIVETTO ALL VERNIC. FAR"},{"id_fam":"FI0001","descr":"FILI METALLICI FILOMAT"},{"id_fam":"FI0002","descr":"FUNE ZINCATA FILOMAT"},{"id_fam":"FI0003","descr":"FUNE INOX"},{"id_fam":"FM0001","descr":"VALIGERIA"},{"id_fam":"FN0001","descr":"FAREN PRODOT CHIMICI"},{"id_fam":"FO0001","descr":"DELTA PLUS"},{"id_fam":"FO0002","descr":"CENIGOMMA"},{"id_fam":"FR0001","descr":"VITE ANTINTRUSIONE FRIULSIDER"},{"id_fam":"FR0002","descr":"VTE TRUC.T\/BOMB.ZIN. FRIULSIDE"},{"id_fam":"FR0003","descr":"ACCESSORI FRIULSIDER"},{"id_fam":"FR0004","descr":"VITE TRUC.TC TX BICR FRIULSIDE"},{"id_fam":"FR0005","descr":"VITE TRUC.TC TX NERA FRIULSIDE"},{"id_fam":"FR0006","descr":"VITE AUT TE ZINC.MET FRIULSIDE"},{"id_fam":"FR0007","descr":"BULLONE TBL ZINC.FRIULSIDER"},{"id_fam":"FR0008","descr":"BULLONE TTDE NERO FRIULSIDER"},{"id_fam":"FR0009","descr":"BULLONE TTDE OTTONE FRIULSIDER"},{"id_fam":"FR0010","descr":"DADO INOX ANTINTRUSI  FRIULSID"},{"id_fam":"FR0011","descr":"VITE AUTOP.TBL ZINC FRIULSIDER"},{"id_fam":"FR0012","descr":"VITE AUTOP.INOX TER FRIULSIDER"},{"id_fam":"FR0013","descr":"TASSELLO FRIULSIDER"},{"id_fam":"FR0014","descr":"VITE AUTOF\/CARTONGES FRIULSIDE"},{"id_fam":"FR0015","descr":"VITI AUTOP\/CARTONGES FRIULSIDE"},{"id_fam":"FR0016","descr":"VITI TX WOOD PROFESS FRIULSIDE"},{"id_fam":"FR0017","descr":"VITI TX FM WOOD FRIULSIDER"},{"id_fam":"FR0018","descr":"FISSAG IDRO-TERM SAN FRIULSIDE"},{"id_fam":"FR0019","descr":"VITE AUTOP TC ZINC.FRIULSIDER"},{"id_fam":"FR0021","descr":"VITE LEGNO TE\/R ZINC  FRIULSID"},{"id_fam":"FR0022","descr":"VITI LEGN TPS Z\/G TX FRIULSID"},{"id_fam":"FR0025","descr":"VITI LEGN BRO TX P\/F FRIULSIDE"},{"id_fam":"FR0026","descr":"VITI LGN Z\/B TPS FIL FRIULSIDE"},{"id_fam":"FR0027","descr":"VITI LGN Z\/G TPS FIL FRIULSIDE"},{"id_fam":"FR0028","descr":"VITI LEGN BR TPS FIL FRIULSIDE"},{"id_fam":"FR0029","descr":"VITI LGN Z\/G TPS P\/F FRIULSIDE"},{"id_fam":"FR0030","descr":"VITI LEGN BR TPS P\/F FRIULSIDE"},{"id_fam":"FR0031","descr":"VITI LGN TPS Z\/B P\/F FRIULSIDE"},{"id_fam":"FR0032","descr":"VITI LGN TPS INOX FI FRIULSIDE"},{"id_fam":"FR0033","descr":"VITI LEGN TGS PZ OTT FRIULSIDE"},{"id_fam":"FR0034","descr":"VITI LGN TC PZ Z\/NER FRIULSIDE"},{"id_fam":"FR0035","descr":"CHIODI FIL\/RUL Z\/B FRIULSIDER"},{"id_fam":"FR0036","descr":"BARRETTA C\/DADO ESAG  FRIULSID"},{"id_fam":"FR0037","descr":"VITI CONG Z\/B+ INOX FRIULSIDER"},{"id_fam":"FR0038","descr":"VITI LEGNO TE INOX FRIULSIDER"},{"id_fam":"FR0039","descr":"VITI LEGNO TE MORD. FRIULSIDER"},{"id_fam":"FR0040","descr":"BULLONE TTDE ZINC\/B FRIULSIDER"},{"id_fam":"FR0043","descr":"COLLARE X TUBI ACC FRIULSIDER"},{"id_fam":"FR0044","descr":"VITE TE\/ZIN 8.8 FRIULSIDER"},{"id_fam":"FR0045","descr":"VITI AUTOF TC ZINC.FRIULSIDER"},{"id_fam":"FR0046","descr":"VITI AUTOF TPS ZINCFRIULSIDER."},{"id_fam":"FR0047","descr":"VITI AUTOP TE\/C ZINC FRIULSIDE"},{"id_fam":"FR0048","descr":"VITI AUTOP TPS ZINC.FRIULSIDER"},{"id_fam":"FR0049","descr":"VITE AUT TE INOX MET FRIULSIDE"},{"id_fam":"GA0001","descr":"DIMARTINO"},{"id_fam":"GA0009","descr":"GIARDINAGGIO"},{"id_fam":"GB0003","descr":"MUSSTIK"},{"id_fam":"GR0001","descr":"UTENSILI GARDENA"},{"id_fam":"GR0002","descr":"IRRIGAZIONE"},{"id_fam":"GR0003","descr":"UTENSILI ELETT GIARD"},{"id_fam":"HE0001","descr":"ARTICOLI HENKEL"},{"id_fam":"KA0001","descr":"IDROPULITRICI KARCHER"},{"id_fam":"KA0002","descr":"ASPIRAPOLVERI KARCHER"},{"id_fam":"KA0003","descr":"ACCESSORI KARCHER"},{"id_fam":"KB0001","descr":"ARTICOLI KLIC"},{"id_fam":"LT0001","descr":"UTENSILI LTF"},{"id_fam":"LT0002","descr":"UTENSILI ELETTR\/BATT"},{"id_fam":"ME0001","descr":"SCALE MARCHETTI"},{"id_fam":"MF0001","descr":"PUNTE FERRO 101"},{"id_fam":"MF0004","descr":"PUNTE FERRO 101R"},{"id_fam":"MF0005","descr":"PUNTE FERRO 101X"},{"id_fam":"MF0006","descr":"PUNTE FERRO 108"},{"id_fam":"MF0007","descr":"PUNTE FERRO 110"},{"id_fam":"MF0008","descr":"PUNTE FERRO 121"},{"id_fam":"MF0009","descr":"PUNTE INOX 147"},{"id_fam":"MF0010","descr":"PUNTE FERRO 150"},{"id_fam":"MF0011","descr":"PUNTE FERRO 151"},{"id_fam":"MF0012","descr":"PUNTE FERRO 179"},{"id_fam":"MF0013","descr":"PUNTE ALLUM 102"},{"id_fam":"MF0014","descr":"PUNTE FERRO SX 106"},{"id_fam":"MF0015","descr":"PUNTE FERRO 140"},{"id_fam":"MF0016","descr":"PUNTE FERRO SX 146"},{"id_fam":"MF0017","descr":"PUNTE FERRO 165"},{"id_fam":"MF0019","descr":"PUNTE FERRO TS 169"},{"id_fam":"MF0020","descr":"PUNTA FERRO 188"},{"id_fam":"MF0021","descr":"PUNTE FERRO 201"},{"id_fam":"MF0022","descr":"SVASATORI 3TAGL 867"},{"id_fam":"MF0023","descr":"SVASATORE 3TAGL 868"},{"id_fam":"MF0024","descr":"SVASATORI 3TAGL 870"},{"id_fam":"MF0025","descr":"MASCHI"},{"id_fam":"MF0026","descr":"FILIERE IMB\/CORR"},{"id_fam":"MF0027","descr":"FRESE A 2TAGL 569CL"},{"id_fam":"MF0028","descr":"FRESE CIL 570C"},{"id_fam":"MF0029","descr":"FRESE 2TAGL 605CL"},{"id_fam":"MF0030","descr":"FRESE 3TAGL 606CL"},{"id_fam":"MF0031","descr":"FRESE TAGL\/C 607CL"},{"id_fam":"MF0032","descr":"FRESE SEDE 703"},{"id_fam":"MF0033","descr":"FRESE 2TAGL 731"},{"id_fam":"MF0034","descr":"FRESE 2TAGL 731S"},{"id_fam":"MF0035","descr":"ALESATORI MAC 820"},{"id_fam":"MF0036","descr":"FRESE CILIND\/FR 735"},{"id_fam":"MF0037","descr":"FRESA CIL 3TAGL 736"},{"id_fam":"MG0001","descr":"UTENSI ELETTRICI"},{"id_fam":"MG0002","descr":"UTENSILI PROF-IT--HIT--YELLO"},{"id_fam":"MG0003","descr":"UTENSILI HIT"},{"id_fam":"MG0004","descr":"UTENSILI YELLO"},{"id_fam":"MH0001","descr":"PILE MELCHIONI"},{"id_fam":"MH0002","descr":"PILE BEGHELLI"},{"id_fam":"MH0003","descr":"TORCE  MULTIM. VARIO"},{"id_fam":"MH0004","descr":"LAMPADINE WINNER"},{"id_fam":"MH0005","descr":"SPINE E MULTIPRESE"},{"id_fam":"MI0001","descr":"CASSETTIERE PLASTICA"},{"id_fam":"OA0001","descr":"ARTICOLI OMAD"},{"id_fam":"OM0001","descr":"UTENSILI DA TAGLIO"},{"id_fam":"PL0001","descr":"CASSETTE PORT\/UTENS PLANO"},{"id_fam":"PL0002","descr":"CONTENITORI PORT\/MIN PLANO"},{"id_fam":"PL0003","descr":"ACCESSORI PORT\/UTENS PLANO"},{"id_fam":"RB0001","descr":"ARTICOLI ROLLING"},{"id_fam":"RD0001","descr":"FISSATRICI MANUALI RAPID"},{"id_fam":"RD0002","descr":"FISSATRICI ELETTRICH RAPID"},{"id_fam":"RD0003","descr":"FISSATRICI PNEUMATIC RAPID"},{"id_fam":"RD0004","descr":"PUNTI METALLICI RAPID"},{"id_fam":"RD0005","descr":"INCOLLATRICI\/COLLA RAPID"},{"id_fam":"RD0006","descr":"CUCITR\/PUNT UFFICIO RAPID"},{"id_fam":"RD0007","descr":"PINZE\/PUNTI X RETE RAPID"},{"id_fam":"RD0008","descr":"SOFFIATORI ARIA CALD RAPID"},{"id_fam":"RE0001","descr":"UTENSILI REIT"},{"id_fam":"RE0002","descr":"FASCETTE REIT"},{"id_fam":"RE0003","descr":"PUNTE REIT"},{"id_fam":"RE0004","descr":"FILIERE-MASCHI REIT"},{"id_fam":"RO0001","descr":"UTENSILI MANUALI ROTHENBERGER"},{"id_fam":"RO0002","descr":"UTENSILI ELETTRICI ROTHENBERGE"},{"id_fam":"RO0003","descr":"UTENSILI GAS ROTHENBERGER"},{"id_fam":"RU0001","descr":"RUOTE SERIE A51"},{"id_fam":"RU0002","descr":"RUOTA SERIE A04"},{"id_fam":"SA0001","descr":"RICAMBI GIARDINAGGIO SABART"},{"id_fam":"SA0002","descr":"RACCORDI GIARDIN PVC SABART"},{"id_fam":"SC0001","descr":"ARTICOLI SARATOGA"},{"id_fam":"COSM01","descr":"SCALE COSMOS"},{"id_fam":"SE0002","descr":"MOTTURA SERRATURE"},{"id_fam":"SE0003","descr":"ASTRAL SERRATURE"},{"id_fam":"SE0004","descr":"MG SERRATURE"},{"id_fam":"SE0005","descr":"FEB SERRATURE"},{"id_fam":"SE0006","descr":"FIAM SERRATURE"},{"id_fam":"SE0007","descr":"BONAITI SERRATURE"},{"id_fam":"SE0008","descr":"CAS SERRATURE"},{"id_fam":"SE0009","descr":"PREFER SERRATURE"},{"id_fam":"SE0010","descr":"FASEM SERRATURE"},{"id_fam":"SE0011","descr":"ISEO SERRATURE"},{"id_fam":"SE0012","descr":"MERONI SERRATURE"},{"id_fam":"SE0013","descr":"YALE SERRATURE"},{"id_fam":"SE0014","descr":"CISA SERRATURE"},{"id_fam":"SE0015","descr":"WELKA SERRATURE"},{"id_fam":"SE0017","descr":"VIRO SERRATURE"},{"id_fam":"SE0018","descr":"FEL SERRATURE"},{"id_fam":"SE0020","descr":"MAB SERRATURE"},{"id_fam":"SE0021","descr":"PATENT AGB SERRATURE"},{"id_fam":"SE0022","descr":"OMEC SERRATURE"},{"id_fam":"SE0023","descr":"CERUTTI SERRATURE"},{"id_fam":"SE0024","descr":"AVISAVIO SERRATURE"},{"id_fam":"SE0025","descr":"ALA LUCCHETTI"},{"id_fam":"SF0001","descr":"IPIERRE GARDEN"},{"id_fam":"SF0002","descr":"ACC. RUBINETTI"},{"id_fam":"SG0001","descr":"ARTICOLI SIT"},{"id_fam":"SI0001","descr":"ARTICOLI STANLEY"},{"id_fam":"SL0001","descr":"MINUT LASTRINE  PIASTRINE"},{"id_fam":"SN0001","descr":"CASSETTE POSTALI SILMEC"},{"id_fam":"TA0001","descr":"ARTICOLI MARGOM"},{"id_fam":"TA0002","descr":"FELTRINI MARGOM"},{"id_fam":"TD0001","descr":"TUBI"},{"id_fam":"TD0003","descr":"TRICOFLEX"},{"id_fam":"TE0001","descr":"PRODOTTI DI SICUREZZ 3M"},{"id_fam":"TE0002","descr":"PRODOTTI ANTISCIVOLO 3M"},{"id_fam":"TE0003","descr":"LINEA TAPPETI 3M"},{"id_fam":"TE0004","descr":"NASTRI ADESIVI 3M"},{"id_fam":"TE0005","descr":"PRODOTTI ADES\/SIGILL 3M"},{"id_fam":"TE0007","descr":"PRODOTTI EDILIZIA 3M"},{"id_fam":"TE0008","descr":"PRODOTTI ABRASIVI 3M"},{"id_fam":"TE0009","descr":"ALTRI PRODOTTI 3M"},{"id_fam":"TF0001","descr":"PIEDINI REGOLABILI TECOM"},{"id_fam":"UC0000","descr":"USAG  ARTICOLI"},{"id_fam":"UD0002","descr":"INECO"},{"id_fam":"UD0021","descr":"TARENZI"},{"id_fam":"UD0027","descr":"INTECO SALDATRICI"},{"id_fam":"UD0028","descr":"FRESE FREUD"},{"id_fam":"UD0029","descr":"PUNTE DIAGER  ELLEVI"},{"id_fam":"UD0030","descr":"ACCESSORI DIAGER ELLEVI"},{"id_fam":"UD0031","descr":"SCALPELLI DIAGER ELLEVI"},{"id_fam":"VE0001","descr":"GRIGLIETTE VENTILAZ VECAM"},{"id_fam":"WA0001","descr":"UTENSILI WERA"},{"id_fam":"UNIF01","descr":"ARTICOLI VARIO UNIFIX"},{"id_fam":"UNIF02","descr":"VITI TRUC P\/F BRONZ UNIFIX"},{"id_fam":"UNIF03","descr":"VITI TRUC TPS BRONZ UNIFIX"},{"id_fam":"UNIF04","descr":"VITI TRUC.TPS Z.G. UNIFIX"},{"id_fam":"UNIF05","descr":"VITI TRUC.TPS Z.B. UNIFIX"},{"id_fam":"UNIF06","descr":"VITI AUTOF T 1\/2T ZINC. UNIFIX"},{"id_fam":"UNIF07","descr":"VITI AUTOF ZINC TPS UNIFIX"},{"id_fam":"UNIF08","descr":"VITI AUTOF ZINC TC UNIFIX"},{"id_fam":"BAIC01","descr":"ANCORANTI CHIMICI  BAICO"},{"id_fam":"UNIF","descr":"UNIFIX"},{"id_fam":"BAIC","descr":"BAICOTRADING"},{"id_fam":"AG0041","descr":"TERNINALI  PRES OCCHIOLO  INOX"},{"id_fam":"AG","descr":"LVS"},{"id_fam":"AG0042","descr":"TEMIMALE FORC PRESS INOX"},{"id_fam":"MONT01","descr":"CORDE"},{"id_fam":"MONT","descr":"MONTEISOLA CORDE"},{"id_fam":"","descr":""},{"id_fam":"AA","descr":"SAIT"},{"id_fam":"CUTS","descr":"CUTS DIAMANT"},{"id_fam":"CUTS01","descr":"DISCHI DIAMANTATI"},{"id_fam":"CG0006","descr":"COLORI VARI"},{"id_fam":"BRUM","descr":"BRUMAR  TECNOGARDEN"},{"id_fam":"BRUM001","descr":"ARTICOLI BRUMAR TECNOGARDEN"},{"id_fam":"UD0003","descr":"UTENSILI AMOS"},{"id_fam":"UD0005","descr":"UTENSILI METRICA"},{"id_fam":"UD0004","descr":"PLASTICA PANARO"},{"id_fam":"GA0002","descr":"FELCO FORBICI ACESSORI"},{"id_fam":"SE0026","descr":"CHIAVI SERRATURE"},{"id_fam":"UD0001","descr":"MARCHELLI TECNA"},{"id_fam":"RU0004","descr":"RUOTE SERIE A38"},{"id_fam":"RU0005","descr":"RUOTE SERIE A24"},{"id_fam":"UD0007","descr":"BETAKUT"},{"id_fam":"MF0038","descr":"SEGHE CIRCOLARI"},{"id_fam":"UD0008","descr":"LEPORIS"},{"id_fam":"UNIF09","descr":"VITI TRUC.TGS ZINC.GIAL."},{"id_fam":"FB0002","descr":"CATENA"},{"id_fam":"FB0005","descr":"IDRAULICA"},{"id_fam":"FB0006","descr":"PERSIANE"},{"id_fam":"SE0001","descr":"POTENT"},{"id_fam":"UD0009","descr":"KAMMER ARTICOLI"},{"id_fam":"RU0006","descr":"RUOTE VARIO"},{"id_fam":"AN0002","descr":"ARTICOLI ARIA-FINI COMPRESSORI"},{"id_fam":"TF0002","descr":"VARIO ARTICOLI TECOM"},{"id_fam":"MANI","descr":"MANIGLIE"},{"id_fam":"MANI01","descr":"GHIDINI"},{"id_fam":"G&B","descr":"ANCORANTI FISSAGGI"},{"id_fam":"G&B001","descr":"ARTICOLI"},{"id_fam":"MF0039","descr":"PUNTE INOX 158"},{"id_fam":"AG0043","descr":"MOSCHETTONE POMPIERE ZINC"},{"id_fam":"AG0044","descr":"MAGLIE APERTE ZINC."},{"id_fam":"EDIL","descr":"EDILIZIA"},{"id_fam":"EDIL01","descr":"CHIODI CAMBRETTE VARIO"},{"id_fam":"AD0001","descr":"PITONERIA  + ATTACCAGLIE"},{"id_fam":"FB0008","descr":"CATENACCIO DA LEGNO"},{"id_fam":"FB0009","descr":"CATENACCIO DA FERRO"},{"id_fam":"CC0002","descr":"CERNIERE X FERRO"},{"id_fam":"CC0003","descr":"CERNIERE X MOBILI"},{"id_fam":"MANI02","descr":"MINNY"},{"id_fam":"AG0045","descr":"GANCI SOLLEV C\/SICURA VERN."},{"id_fam":"AG0029","descr":"MOSCHETTONE ALLUMINIO"},{"id_fam":"AG0030","descr":"ANELLI TONDI INOX"},{"id_fam":"AD0002","descr":"ACCESSORI X LEGNO"},{"id_fam":"AG0046","descr":"SPILLE SICUREZZA FERRO"},{"id_fam":"MANI03","descr":"MANIGLIE X MOBILI"},{"id_fam":"MANI04","descr":"REGUITTI"},{"id_fam":"MANI05","descr":"MANIGLIE ZANOTTO"},{"id_fam":"AG0048","descr":"ANELLI TONDI ZINCATI"},{"id_fam":"RB0002","descr":"ARTICOLI FAC"},{"id_fam":"FR0052","descr":"VITE TCEI A LEGNO BRUNITA"},{"id_fam":"EDIL02","descr":"EDILIZIA ARTICOLI"},{"id_fam":"GA0004","descr":"AGRICOLTURA"},{"id_fam":"UD0010","descr":"UTENSILERIA VARIO"},{"id_fam":"AD0003","descr":"POMOLI X MOBILI"},{"id_fam":"AG0049","descr":"MOSCHETTONI CAVALLO"},{"id_fam":"UD0011","descr":"SALDATURA"},{"id_fam":"UNIF10","descr":"VITI TRUC TGS NICHELATE"},{"id_fam":"EC0002","descr":"PILE DURACELL"},{"id_fam":"APOL","descr":"APOLO"},{"id_fam":"APOL01","descr":"ARTICOLI VITERIA"},{"id_fam":"UD0012","descr":"MORSIFICIO FZA"},{"id_fam":"FO0003","descr":"TREB SCARPE ANTIFORTUNISTICA"},{"id_fam":"FF0002","descr":"SAVE"},{"id_fam":"UNIF11","descr":"VITI DUOFIX TX"},{"id_fam":"UD0013","descr":"CD JUWEL PUNTE"},{"id_fam":"SE0016","descr":"CORBIN  SERRATURE"},{"id_fam":"FI0004","descr":"ACCESSORI FILOMAT"},{"id_fam":"MANI06","descr":"MANIGLIE X PORTE"},{"id_fam":"BE0017","descr":"VITE TRUC TORX INOX"},{"id_fam":"UD0014","descr":"ESCHER ARTICOLI"},{"id_fam":"BE0024","descr":"GRANO NERO PUNTA CONICA"},{"id_fam":"BE0025","descr":"GRANO NERO PUNTA PIATTA"},{"id_fam":"FB0007","descr":"TENDAGGI GAMBA"},{"id_fam":"UD0015","descr":"ARTICOLI BETA"},{"id_fam":"FO0004","descr":"GUANTIFICIO PIAVE"},{"id_fam":"UD0016","descr":"ARTICOLI KRINO"},{"id_fam":"UD0017","descr":"ABRASIVI  I.CO.MEC"},{"id_fam":"UD0018","descr":"MOLLIFICIO URBANO"},{"id_fam":"AG0047","descr":"SPINA A SCATTO"},{"id_fam":"MF0040","descr":"PUNTE 101P"},{"id_fam":"UD0020","descr":"ARTICOLI SIAT"},{"id_fam":"AD0005","descr":"ARTICOLI CASPIM ACC.MOB."},{"id_fam":"CG0004","descr":"ARTICOLI COLLMON"},{"id_fam":"UD0022","descr":"ARTICOLI BESSEY"},{"id_fam":"UD0023","descr":"ARTICOLI CELSI ARIEX"},{"id_fam":"FB0010","descr":"SEMIFONTE POMPE"},{"id_fam":"UD0026","descr":"F.LLI CENI S.P.A. ART."},{"id_fam":"AD0006","descr":"PORRO"},{"id_fam":"UD0032","descr":"ARTICOLI ULLMANN"},{"id_fam":"UD0019","descr":"ARTICOLI OSCA"},{"id_fam":"EC0004","descr":"ART. SYLVANIA"},{"id_fam":"UD0024","descr":"UTENSILERIA GASPARI"},{"id_fam":"UD0025","descr":"ARTICOLI LENOX"},{"id_fam":"UD0033","descr":"ARTICOLI DRONCO"},{"id_fam":"UD0034","descr":"ARTICOLI TIVOLY"},{"id_fam":"AN0003","descr":"ARTICOLI FINAT"},{"id_fam":"UD0035","descr":"ARTICOLI KS TOOLS"},{"id_fam":"UD0036","descr":"ARTICOLI KRESS"},{"id_fam":"CG0005","descr":"ARTICOLI TESA"},{"id_fam":"FB0012","descr":"ARTICOLI MINUTEX"},{"id_fam":"BE0040","descr":"RIBATTINI ALLUM."},{"id_fam":"RB0003","descr":"ARTICOLI OMGE"},{"id_fam":"FR0020","descr":"RIVETTI FRIULSIDER"},{"id_fam":"FR0023","descr":"FASCETTE NYLON"},{"id_fam":"UD0037","descr":"ARTICOLI ROMEO MAESTRI"},{"id_fam":"AA0004","descr":"ARTICOLI MIRKA"},{"id_fam":"CC0004","descr":"ARTICOLI ALDEGHI"},{"id_fam":"MANI07","descr":"DIDIEFFE"},{"id_fam":"SA0003","descr":"ORING"},{"id_fam":"UD0038","descr":"ARTICOLI KOKEN"},{"id_fam":"GA0003","descr":"ARTICOLI MULTIPOWER"},{"id_fam":"UD0039","descr":"ARTICOLI MUNDIAL"},{"id_fam":"GA0005","descr":"GARMEC"},{"id_fam":"CG0007","descr":"SPRINTCHIMICA"},{"id_fam":"UNIF12","descr":"VITI LEGNO COMBI"},{"id_fam":"FO0005","descr":"ARTICOLI RIVAL"},{"id_fam":"FB0011","descr":"TASSELLO MUNGO"},{"id_fam":"TF0003","descr":"ANTIVIBRANTI LAGOS"},{"id_fam":"MANI08","descr":"MANIGLIE FBA"},{"id_fam":"GA0008","descr":"ARTICOLI BNM-RIBIMEX"},{"id_fam":"FO0006","descr":"ARTICOLI ARIETE"},{"id_fam":"CG0008","descr":"ARTICOLI METALCROM"},{"id_fam":"UD0040","descr":"ARTICOLI METABO"},{"id_fam":"UD0041","descr":"GAMMA ZINKEN"},{"id_fam":"FB0013","descr":"ARTICOLI CORRADI"},{"id_fam":"EC0005","descr":"LAMPADE IMPERIA"},{"id_fam":"CG0009","descr":"COLORI AMBRO-SOL"},{"id_fam":"UD0042","descr":"ARTICOLI PRESSOL"},{"id_fam":"AA0005","descr":"ABRASIVI CONSIGLIO"},{"id_fam":"MF0041","descr":"CENTRO UTENSILI"},{"id_fam":"FB0014","descr":"PIQUERAS"},{"id_fam":"FO0007","descr":"ANTIFORTUNISTICA"},{"id_fam":"AD0007","descr":"MITAL"},{"id_fam":"MANI09","descr":"FERREMI"},{"id_fam":"SE0027","descr":"GEZE"},{"id_fam":"RB0004","descr":"ARTICOLI COMUNELLO"},{"id_fam":"OA0002","descr":"NOVA-FERR"},{"id_fam":"UD0043","descr":"ARTICOLI STAHLWILLE"},{"id_fam":"CG0010","descr":"COLORI MACOTA"},{"id_fam":"CG0011","descr":"LUBRIFICANTI"},{"id_fam":"CG0012","descr":"ARTICOLI EFFE EMME"},{"id_fam":"CG0013","descr":"ARTICOLI ZUCCHINI"},{"id_fam":"TF0004","descr":"ARTICOLI GAMM"},{"id_fam":"AD0008","descr":"ARTICOLO EMUCA"},{"id_fam":"FO0008","descr":"SCARPE ANTIFORTUNISTICA"},{"id_fam":"OA0003","descr":"TORBEL"},{"id_fam":"SE0028","descr":"OMR SERRATURE"},{"id_fam":"SE0029","descr":"SERRATURE GU"},{"id_fam":"RB0005","descr":"COMBIARIALDO"},{"id_fam":"MANI10","descr":"IL FORGIATO"},{"id_fam":"MAIC","descr":"MAICO"},{"id_fam":"MAIC01","descr":"ARTICOLI MAICO"},{"id_fam":"CG0014","descr":"AREXONS"},{"id_fam":"FO009","descr":"SEGNALETICA"}]